studiengang,hochschule,ort,abschluss,studienform,studientyp,notizen,notes
betriebswirtschaft,,hamburg,bachelor,,, ,"asldjfakj
asödlkfjad
sdölkfjad
sdlkfjkdjfaölkd
adskj
"
,,hambug,,,,,
bwl,,hambug,,,,,
bwl,,hamburg,,,,,
bwl,,hamburg,bachelor,,,,
bwl,,hamburg,bachelor,,,,"sadf
sadf
"
bwl,,hamburg,bachelor,,,,"sadf
sadf
sfda
"
bwl,,hamburg,bachelor,,,,"sadf
sadf
sfda
sadfa
"
bwl,,hamburg,bachelor,,,,"sadf
sadf
sfda
sadfa

"
bwl,,hamburg,bachelor,,,,"sadf
sadf
sfda
sadfa

"
bwl,,hamburg,bachelor,,,,"sadf
sadf
sfda
sadfa

"
bwl,,,,,,,
bwl,,,bachelor,,,,
bwl,,,bachelor,,,,"ökajfdkf
dfjöaksd
"
bwl,,,bachelor,,,,"ökajfdkf
dfjöaksd
södlkfjdask
lkajdöfk
"
bwl,,,bachelor,,,,"ökajfdkf
dfjöaksd
södlkfjdask
lkajdöfk"
bwl,,,bachelor,,,,"ökajfdkf
dfjöaksd
södlkfjdask
lkajdöfk"
bwl,,,bachelor,,,,"ökajfdkf
dfjöaksd
södlkfjdask
lkajdöfk"
bwl,,,bachelor,,,,"ökajfdkf
dfjöaksd
södlkfjdask
lkajdöfk"
bwl,,,bachelor,,,,"ökajfdkf
dfjöaksd
södlkfjdask
lkajdöfk"
bwl,,,bachelor,,,,"ökajfdkf
dfjöaksd
södlkfjdask
lkajdöfk"
bwl,,,bachelor,,,,"ökajfdkf
dfjöaksd
södlkfjdask
lkajdöfk"
bwl,,,,,,,
bwl,,,,,,,
bwl,,,,,,,
bwl,,,,,,,"salkfdj
asdkfjök
"
bwl,,hamburg,,,,,
bwl,,hamburg,,,,,"aködjsklf
dlkjfaf
aöslkdfj
"
bwl,,hamburg,,,,,"aködjsklf
dlkjfaf
aöslkdfj
"
bwl,,hamburg,,,,,"aködjsklf
dlkjfaf
aöslkdfj
"
bwl,,hamburg,,,,,"aködjsklf
dlkjfaf
aöslkdfj
"
bwl,,hamburg,,,,,"aködjsklf
dlkjfaf
aöslkdfj
"
bwl,,hamburg,,,,,"aködjsklf
dlkjfaf
aöslkdfj
"
bwl,,hamburg,,,,,"aködjsklf
dlkjfaf
aöslkdfj
"
bwl,,hamburg,,,,,"aködjsklf
dlkjfaf
aöslkdfj
"
bwl,,hamburg,,,,,"aködjsklf
dlkjfaf
aöslkdfj
"
bwl,uni,hamburg,,,,,"aködjsklf
dlkjfaf
aöslkdfj
"
bwl,uni,hamburg,,,,,"aködjsklf
dlkjfaf
aöslkdfj
"
bwl,uni,hamburg,,,,,"aködjsklf
dlkjfaf
aöslkdfj
"
bwl,uni,hamburg,,,,,"aködjsklf
dlkjfaf
aöslkdfj
"
bwl,uni,hamburg,,,,,"bwl lmu münchen

"
bwl,uni,hamburg,bachelor,,,,"bwl lmu münchen

"
betriebswirtschaft,uni,hamburg,bachelor,,,,"bwl lmu münchen

"
betriebswirtschaft,uni,hamburg,bachelor,vollzeit,,,"bwl lmu münchen

"
betriebswirtschaft,uni,hamburg,bachelor,vollzeit,,,"bwl lmu münchen

"
betriebswirtschaft,uni,hamburg,bachelor,vollzeit,,,"bwl lmu münchen

"
betriebswirtschaft,uni,hamburg,bachelor,vollzeit,,,"bwl lmu münchen

"
betriebswirtschaft,uni,hamburg,bachelor,Vollzeit,,,"bwl lmu münchen

"
betriebswirtschaft,uni,hamburg,bachelor,Vollzeit,vollzeit,,"bwl lmu münchen

"
betriebswirtschaft,uni,hamburg,bachelor,Vollzeit,vollzeit,,"bwl lmu münchen

"
betriebswirtschaft,uni,hamburg,bachelor,Vollzeit,,,"bwl lmu münchen

"
betriebswirtschaft,uni,hamburg,bachelor,Vollzeit,,,"bwl lmu münchen

"
betriebswirtschaft,uni,hamburg,bachelor,Vollzeit,,,"bwl lmu münchen

"
betriebswirtschaft,uni,hamburg,bachelor,Vollzeit,,,"bwl lmu münchen

"
betriebswirtschaft,uni,hamburg,bachelor,Vollzeit,,,"bwl lmu münchen

"
betriebswirtschaft,uni,hamburg,bachelor,Vollzeit,,,"bwl lmu münchen

"
betriebswirtschaft,uni,hamburg,bachelor,Vollzeit,,,"bwl lmu münchen

"
